{
  "Hà Nội": {
    "phuong_xa": [
      "An Khánh",
      "Ba Vì",
      "Ba Đình",
      "Bát Tràng",
      "Bình Minh",
      "Bạch Mai",
      "Bất Bạt",
      "Bồ Đề",
      "Chuyên Mỹ",
      "Chương Dương",
      "Chương Mỹ",
      "Cầu Giấy",
      "Cổ Đô",
      "Cửa Nam",
      "Dân Hòa",
      "Dương Hòa",
      "Dương Nội",
      "Gia Lâm",
      "Giảng Võ",
      "Hai Bà Trưng",
      "Hoài Đức",
      "Hoàn Kiếm",
      "Hoàng Liệt",
      "Hoàng Mai",
      "Hà Đông",
      "Hát Môn",
      "Hòa Lạc",
      "Hòa Phú",
      "Hòa Xá",
      "Hưng Đạo",
      "Hương Sơn",
      "Hạ Bằng",
      "Hồng Hà",
      "Hồng Sơn",
      "Hồng Vân",
      "Khương Đình",
      "Kim Anh",
      "Kim Liên",
      "Kiến Hưng",
      "Kiều Phú",
      "Liên Minh",
      "Long Biên",
      "Láng",
      "Lĩnh Nam",
      "Minh Châu",
      "Mê Linh",
      "Mỹ Đức",
      "Nam Phù",
      "Nghĩa Đô",
      "Ngọc Hà",
      "Ngọc Hồi",
      "Nội Bài",
      "Phù Đổng",
      "Phú Cát",
      "Phú Diễn",
      "Phú Lương",
      "Phú Nghĩa",
      "Phú Thượng",
      "Phú Xuyên",
      "Phúc Lộc",
      "Phúc Lợi",
      "Phúc Sơn",
      "Phúc Thịnh",
      "Phúc Thọ",
      "Phương Liệt",
      "Phượng Dực",
      "Quang Minh",
      "Quảng Bị",
      "Quảng Oai",
      "Quốc Oai",
      "Suối Hai",
      "Sóc Sơn",
      "Sơn Tây",
      "Sơn Đồng",
      "Tam Hưng",
      "Thanh Liệt",
      "Thanh Oai",
      "Thanh Trì",
      "Thanh Xuân",
      "Thiên Lộc",
      "Thuận An",
      "Thư Lâm",
      "Thường Tín",
      "Thượng Cát",
      "Thượng Phúc",
      "Thạch Thất",
      "Tiến Thắng",
      "Trung Giã",
      "Trần Phú",
      "Tây Hồ",
      "Tây Mỗ",
      "Tây Phương",
      "Tây Tựu",
      "Tùng Thiện",
      "Tương Mai",
      "Từ Liêm",
      "Việt Hưng",
      "Vân Đình",
      "Văn Miếu - Quốc Tử Giám",
      "Vĩnh Hưng",
      "Vĩnh Thanh",
      "Vĩnh Tuy",
      "Vật Lại",
      "Xuân Mai",
      "Xuân Phương",
      "Xuân Đỉnh",
      "Yên Bài",
      "Yên Hòa",
      "Yên Lãng",
      "Yên Nghĩa",
      "Yên Sở",
      "Yên Xuân",
      "Ô Chợ Dừa",
      "Ô Diên",
      "Đa Phúc",
      "Đan Phượng",
      "Đoài Phương",
      "Đông Anh",
      "Đông Ngạc",
      "Đại Mỗ",
      "Đại Thanh",
      "Đại Xuyên",
      "Định Công",
      "Đống Đa",
      "Ứng Hòa",
      "Ứng Thiên"
    ]
  },
  "Hồ Chí Minh": {
    "phuong_xa": [
      "An Hội Tây",
      "An Hội Đông",
      "An Khánh",
      "An Long",
      "An Lạc",
      "An Nhơn",
      "An Nhơn Tây",
      "An Phú",
      "An Phú Đông",
      "An Thới Đông",
      "An Đông",
      "Bàn Cờ",
      "Bà Rịa",
      "Bà Điểm",
      "Bàu Bàng",
      "Bàu Lâm",
      "Bình Chánh",
      "Bình Châu",
      "Bình Cơ",
      "Bình Dương",
      "Bình Giã",
      "Bình Hòa",
      "Bình Hưng",
      "Bình Hưng Hòa",
      "Bình Khánh",
      "Bình Lợi",
      "Bình Lợi Trung",
      "Bình Mỹ",
      "Bình Phú",
      "Bình Quới",
      "Bình Thạnh",
      "Bình Thới",
      "Bình Tiên",
      "Bình Trưng",
      "Bình Trị Đông",
      "Bình Tân",
      "Bình Tây",
      "Bình Đông",
      "Bảy Hiền",
      "Bắc Tân Uyên",
      "Bến Cát",
      "Bến Thành",
      "Chánh Hưng",
      "Chánh Hiệp",
      "Chánh Phú Hòa",
      "Châu Pha",
      "Châu Đức",
      "Chợ Lớn",
      "Chợ Quán",
      "Cát Lái",
      "Côn Đảo",
      "Cần Giờ",
      "Cầu Kiệu",
      "Cầu Ông Lãnh",
      "Củ Chi",
      "Diên Hồng",
      "Dĩ An",
      "Dầu Tiếng",
      "Gia Định",
      "Gò Vấp",
      "Hiệp Bình",
      "Hiệp Phước",
      "Hòa Hưng",
      "Hòa Bình",
      "Hòa Hiệp",
      "Hòa Hội",
      "Hòa Lợi",
      "Hóc Môn",
      "Hưng Long",
      "Hạnh Thông",
      "Hồ Tràm",
      "Khánh Hội",
      "Kim Long",
      "Linh Xuân",
      "Long Bình",
      "Long Hòa",
      "Long Hương",
      "Long Hải",
      "Long Nguyên",
      "Long Phước",
      "Long Sơn",
      "Long Trường",
      "Long Điền",
      "Lái Thiêu",
      "Minh Phụng",
      "Minh Thạnh",
      "Nghĩa Thành",
      "Ngãi Giao",
      "Nhiêu Lộc",
      "Nhuận Đức",
      "Nhà Bè",
      "Phú Định",
      "Phú An",
      "Phú Giáo",
      "Phú Hòa Đông",
      "Phú Lâm",
      "Phú Lợi",
      "Phú Mỹ",
      "Phú Nhuận",
      "Phú Thuận",
      "Phú Thạnh",
      "Phú Thọ",
      "Phú Thọ Hòa",
      "Phước Hòa",
      "Phước Hải",
      "Phước Long",
      "Phước Thành",
      "Phước Thắng",
      "Rạch Dừa",
      "Sài Gòn",
      "Tam Bình",
      "Tam Long",
      "Tam Thắng",
      "Thanh An",
      "Thuận An",
      "Thuận Giao",
      "Thái Mỹ",
      "Thông Tây Hội",
      "Thường Tân",
      "Thạnh An",
      "Thạnh Mỹ Tây",
      "Thới An",
      "Thới Hòa",
      "Thủ Dầu Một",
      "Thủ Đức",
      "Trung Mỹ Tây",
      "Trừ Văn Thố",
      "Tân An Hội",
      "Tân Bình",
      "Tân Hiệp",
      "Tân Hòa",
      "Tân Hưng",
      "Tân Hải",
      "Tân Khánh",
      "Tân Mỹ",
      "Tân Nhựt",
      "Tân Phú",
      "Tân Phước",
      "Tân Sơn",
      "Tân Sơn Hòa",
      "Tân Sơn Nhì",
      "Tân Sơn Nhất",
      "Tân Thuận",
      "Tân Thành",
      "Tân Thới Hiệp",
      "Tân Tạo",
      "Tân Uyên",
      "Tân Vĩnh Lộc",
      "Tân Đông Hiệp",
      "Tân Định",
      "Tây Nam",
      "Tây Thạnh",
      "Tăng Nhơn Phú",
      "Vĩnh Hội",
      "Vĩnh Lộc",
      "Vĩnh Tân",
      "Vũng Tàu",
      "Vườn Lài",
      "Xuyên Mộc",
      "Xuân Hòa",
      "Xuân Sơn",
      "Xuân Thới Sơn",
      "Xóm Chiếu",
      "Đông Hòa",
      "Đông Hưng Thuận",
      "Đông Thạnh",
      "Đất Đỏ",
      "Đức Nhuận"
    ]
  },
  "Đà Nẵng": {
    "phuong_xa": [
      "An Hải",
      "An Khê",
      "An Thắng",
      "Avương",
      "Bà Nà",
      "Bàn Thạch",
      "Bến Giằng",
      "Bến Hiên",
      "Chiên Đàn",
      "Cẩm Lệ",
      "Duy Nghĩa",
      "Duy Xuyên",
      "Gò Nổi",
      "Hiệp Đức",
      "Hoàng Sa",
      "Hà Nha",
      "Hòa Cường",
      "Hòa Khánh",
      "Hòa Tiến",
      "Hòa Vang",
      "Hòa Xuân",
      "Hùng Sơn",
      "Hương Trà",
      "Hải Châu",
      "Hải Vân",
      "Hội An",
      "Hội An Tây",
      "Hội An Đông",
      "Khâm Đức",
      "La Dêê",
      "La Êê",
      "Liên Chiểu",
      "Lãnh Ngọc",
      "Nam Giang",
      "Nam Phước",
      "Nam Trà My",
      "Ngũ Hành Sơn",
      "Nông Sơn",
      "Núi Thành",
      "Phú Ninh",
      "Phú Thuận",
      "Phước Chánh",
      "Phước Hiệp",
      "Phước Năng",
      "Phước Thành",
      "Phước Trà",
      "Quảng Phú",
      "Quế Phước",
      "Quế Sơn",
      "Quế Sơn Trung",
      "Sông Kôn",
      "Sông Vàng",
      "Sơn Cẩm Hà",
      "Sơn Trà",
      "Tam Anh",
      "Tam Hải",
      "Tam Kỳ",
      "Tam Mỹ",
      "Tam Xuân",
      "Thanh Khê",
      "Thu Bồn",
      "Thăng An",
      "Thăng Bình",
      "Thăng Phú",
      "Thăng Trường",
      "Thăng Điền",
      "Thượng Đức",
      "Thạnh Bình",
      "Thạnh Mỹ",
      "Tiên Phước",
      "Trà Giáp",
      "Trà Leng",
      "Trà Linh",
      "Trà Liên",
      "Trà My",
      "Trà Tân",
      "Trà Tập",
      "Trà Vân",
      "Trà Đốc",
      "Tân Hiệp",
      "Tây Giang",
      "Tây Hồ",
      "Việt An",
      "Vu Gia",
      "Xuân Phú",
      "Điện Bàn",
      "Điện Bàn Bắc",
      "Điện Bàn Tây",
      "Điện Bàn Đông",
      "Đông Giang",
      "Đại Lộc",
      "Đắc Pring",
      "Đồng Dương",
      "Đức Phú"
    ]
  },
  "An Giang": {
    "phuong_xa": [
      "An Biên",
      "An Châu",
      "An Cư",
      "An Minh",
      "An Phú",
      "Ba Chúc",
      "Bình An",
      "Bình Giang",
      "Bình Hòa",
      "Bình Mỹ",
      "Bình Sơn",
      "Bình Thạnh Đông",
      "Bình Đức",
      "Chi Lăng",
      "Châu Phong",
      "Châu Phú",
      "Châu Thành",
      "Châu Đốc",
      "Chợ Mới",
      "Chợ Vàm",
      "Cô Tô",
      "Cù Lao Giêng",
      "Cần Đăng",
      "Giang Thành",
      "Giồng Riềng",
      "Gò Quao",
      "Hà Tiên",
      "Hòa Hưng",
      "Hòa Lạc",
      "Hòa Thuận",
      "Hòa Điền",
      "Hòn Nghệ",
      "Hòn Đất",
      "Hội An",
      "Khánh Bình",
      "Kiên Hải",
      "Kiên Lương",
      "Long Kiến",
      "Long Phú",
      "Long Thạnh",
      "Long Xuyên",
      "Long Điền",
      "Mỹ Hòa Hưng",
      "Mỹ Thuận",
      "Mỹ Thới",
      "Mỹ Đức",
      "Ngọc Chúc",
      "Nhơn Hội",
      "Nhơn Mỹ",
      "Núi Cấm",
      "Phú An",
      "Phú Hòa",
      "Phú Hữu",
      "Phú Lâm",
      "Phú Quốc",
      "Phú Tân",
      "Rạch Giá",
      "Sơn Hải",
      "Sơn Kiên",
      "Thoại Sơn",
      "Thạnh Hưng",
      "Thạnh Lộc",
      "Thạnh Mỹ Tây",
      "Thạnh Đông",
      "Thổ Châu",
      "Thới Sơn",
      "Tiên Hải",
      "Tri Tôn",
      "Tân An",
      "Tân Châu",
      "Tân Hiệp",
      "Tân Hội",
      "Tân Thạnh",
      "Tây Phú",
      "Tây Yên",
      "Tô Châu",
      "Tịnh Biên",
      "U Minh Thượng",
      "Vân Khánh",
      "Vĩnh An",
      "Vĩnh Bình",
      "Vĩnh Gia",
      "Vĩnh Hanh",
      "Vĩnh Hòa",
      "Vĩnh Hòa Hưng",
      "Vĩnh Hậu",
      "Vĩnh Phong",
      "Vĩnh Thuận",
      "Vĩnh Thông",
      "Vĩnh Thạnh Trung",
      "Vĩnh Trạch",
      "Vĩnh Tuy",
      "Vĩnh Tế",
      "Vĩnh Xương",
      "Vĩnh Điều",
      "Óc Eo",
      "Ô Lâm",
      "Đông Hòa",
      "Đông Hưng",
      "Đông Thái",
      "Định Hòa",
      "Định Mỹ"
    ]
  },
  "Bắc Ninh": {
    "phuong_xa": [
      "An Lạc",
      "Biên Sơn",
      "Biển Động",
      "Bảo Đài",
      "Bắc Giang",
      "Bắc Lũng",
      "Bố Hạ",
      "Bồng Lai",
      "Cao Đức",
      "Chi Lăng",
      "Chũ",
      "Cảnh Thụy",
      "Cẩm Lý",
      "Dương Hưu",
      "Gia Bình",
      "Hiệp Hòa",
      "Hoàng Vân",
      "Hạp Lĩnh",
      "Hợp Thịnh",
      "Kinh Bắc",
      "Kiên Lao",
      "Kép",
      "Liên Bão",
      "Lâm Thao",
      "Lương Tài",
      "Lạng Giang",
      "Lục Nam",
      "Lục Ngạn",
      "Lục Sơn",
      "Mão Điền",
      "Mỹ Thái",
      "Nam Dương",
      "Nam Sơn",
      "Nghĩa Phương",
      "Ngọc Thiện",
      "Nhân Hòa",
      "Nhân Thắng",
      "Nhã Nam",
      "Ninh Xá",
      "Nếnh",
      "Phù Khê",
      "Phù Lãng",
      "Phúc Hoà",
      "Phương Liễu",
      "Phượng Sơn",
      "Phật Tích",
      "Quang Trung",
      "Quế Võ",
      "Sa Lý",
      "Song Liễu",
      "Sơn Hải",
      "Sơn Động",
      "Tam Giang",
      "Tam Sơn",
      "Tam Tiến",
      "Tam Đa",
      "Thuận Thành",
      "Tiên Du",
      "Tiên Lục",
      "Tiền Phong",
      "Trung Chính",
      "Trung Kênh",
      "Trí Quả",
      "Trường Sơn",
      "Trạm Lộ",
      "Tuấn Đạo",
      "Tân An",
      "Tân Chi",
      "Tân Dĩnh",
      "Tân Sơn",
      "Tân Tiến",
      "Tân Yên",
      "Tây Yên Tử",
      "Từ Sơn",
      "Tự Lạn",
      "Việt Yên",
      "Vân Hà",
      "Vân Sơn",
      "Võ Cường",
      "Văn Môn",
      "Vũ Ninh",
      "Xuân Cẩm",
      "Xuân Lương",
      "Yên Dũng",
      "Yên Phong",
      "Yên Thế",
      "Yên Trung",
      "Yên Định",
      "Đa Mai",
      "Đào Viên",
      "Đèo Gia",
      "Đông Cứu",
      "Đông Phú",
      "Đại Lai",
      "Đại Sơn",
      "Đại Đồng",
      "Đồng Kỳ",
      "Đồng Nguyên",
      "Đồng Việt"
    ]
  },
  "Cao Bằng": {
    "phuong_xa": [
      "Bạch Đằng",
      "Bảo Lâm",
      "Bảo Lạc",
      "Bế Văn Đàn",
      "Ca Thành",
      "Canh Tân",
      "Cô Ba",
      "Cần Yên",
      "Cốc Pàng",
      "Huy Giáp",
      "Hà Quảng",
      "Hòa An",
      "Hưng Đạo",
      "Hạ Lang",
      "Hạnh Phúc",
      "Khánh Xuân",
      "Kim Đồng",
      "Lý Bôn",
      "Lý Quốc",
      "Lũng Nặm",
      "Minh Khai",
      "Minh Tâm",
      "Nam Quang",
      "Nam Tuấn",
      "Nguyên Bình",
      "Nguyễn Huệ",
      "Nùng Trí Cao",
      "Phan Thanh",
      "Phục Hòa",
      "Quang Hán",
      "Quang Long",
      "Quang Trung",
      "Quảng Lâm",
      "Quảng Uyên",
      "Sơn Lộ",
      "Tam Kim",
      "Thanh Long",
      "Thành Công",
      "Thông Nông",
      "Thạch An",
      "Thục Phán",
      "Trà Lĩnh",
      "Trùng Khánh",
      "Trường Hà",
      "Tân Giang",
      "Tĩnh Túc",
      "Tổng Cọt",
      "Vinh Quý",
      "Xuân Trường",
      "Yên Thổ",
      "Đoài Dương",
      "Đàm Thủy",
      "Đình Phong",
      "Đông Khê",
      "Độc Lập",
      "Đức Long"
    ]
  },
  "Cà Mau": {
    "phuong_xa": [
      "An Trạch",
      "An Xuyên",
      "Biển Bạch",
      "Bạc Liêu",
      "Cái Nước",
      "Cái Đôi Vàm",
      "Châu Thới",
      "Gành Hào",
      "Giá Rai",
      "Hiệp Thành",
      "Hoà Bình",
      "Hoà Thành",
      "Hồng Dân",
      "Hưng Hội",
      "Hưng Mỹ",
      "Hồ Thị Kỷ",
      "Khánh An",
      "Khánh Bình",
      "Khánh Hưng",
      "Khánh Lâm",
      "Láng Tròn",
      "Long Điền",
      "Lý Văn Lâm",
      "Lương Thế Trân",
      "Nguyễn Phích",
      "Nguyễn Việt Khái",
      "Ninh Quới",
      "Ninh Thạnh Lợi",
      "Năm Căn",
      "Phan Ngọc Hiển",
      "Phong Hiệp",
      "Phong Thạnh",
      "Phú Mỹ",
      "Phú Tân",
      "Phước Long",
      "Quách Phẩm",
      "Sông Đốc",
      "Tam Giang",
      "Tạ An Khương",
      "Thanh Tùng",
      "Thới Bình",
      "Trí Phải",
      "Trần Phán",
      "Trần Văn Thời",
      "Tân Hưng",
      "Tân Lộc",
      "Tân Thành",
      "Tân Thuận",
      "Tân Tiến",
      "Tân Ân",
      "U Minh",
      "Vĩnh Hậu",
      "Vĩnh Lộc",
      "Vĩnh Lợi",
      "Vĩnh Mỹ",
      "Vĩnh Phước",
      "Vĩnh Thanh",
      "Vĩnh Trạch",
      "Đá Bạc",
      "Định Thành",
      "Đầm Dơi",
      "Đất Mũi",
      "Đất Mới",
      "Đông Hải"
    ]
  },
  "Cần Thơ": {
    "phuong_xa": [
      "An Bình",
      "An Lạc Thôn",
      "An Ninh",
      "An Thạnh",
      "Bình Thủy",
      "Châu Thành",
      "Cái Khế",
      "Cái Răng",
      "Cù Lao Dung",
      "Cờ Đỏ",
      "Gia Hòa",
      "Hiệp Hưng",
      "Hòa An",
      "Hòa Tú",
      "Hưng Phú",
      "Hỏa Lựu",
      "Hồ Đắc Kiện",
      "Khánh Hòa",
      "Kế Sách",
      "Lai Hòa",
      "Liêu Tú",
      "Long Bình",
      "Long Hưng",
      "Long Mỹ",
      "Long Phú",
      "Long Phú 1",
      "Long Tuyền",
      "Lâm Tân",
      "Lương Tâm",
      "Lịch Hội Thượng",
      "Mỹ Hương",
      "Mỹ Phước",
      "Mỹ Quới",
      "Mỹ Tú",
      "Mỹ Xuyên",
      "Ngã Bảy",
      "Ngã Năm",
      "Ngọc Tố",
      "Nhu Gia",
      "Nhơn Mỹ",
      "Nhơn Ái",
      "Ninh Kiều",
      "Phong Nẫm",
      "Phong Điền",
      "Phú Hữu",
      "Phú Lộc",
      "Phú Lợi",
      "Phú Tâm",
      "Phương Bình",
      "Phước Thới",
      "Phụng Hiệp",
      "Sóc Trăng",
      "Thuận Hòa",
      "Thuận Hưng",
      "Thạnh An",
      "Thạnh Hòa",
      "Thạnh Phú",
      "Thạnh Quới",
      "Thạnh Thới An",
      "Thạnh Xuân",
      "Thốt Nốt",
      "Thới An Hội",
      "Thới An Đông",
      "Thới Hưng",
      "Thới Lai",
      "Thới Long",
      "Trung Hưng",
      "Trung Nhứt",
      "Trường Khánh",
      "Trường Long",
      "Trường Long Tây",
      "Trường Thành",
      "Trường Xuân",
      "Trần Đề",
      "Tài Văn",
      "Tân An",
      "Tân Bình",
      "Tân Hòa",
      "Tân Long",
      "Tân Lộc",
      "Tân Phước Hưng",
      "Tân Thạnh",
      "Vĩnh Châu",
      "Vĩnh Hải",
      "Vĩnh Lợi",
      "Vĩnh Phước",
      "Vĩnh Thuận Đông",
      "Vĩnh Thạnh",
      "Vĩnh Trinh",
      "Vĩnh Tường",
      "Vĩnh Viễn",
      "Vị Thanh",
      "Vị Thanh 1",
      "Vị Thủy",
      "Vị Tân",
      "Xà Phiên",
      "Ô Môn",
      "Đông Hiệp",
      "Đông Phước",
      "Đông Thuận",
      "Đại Hải",
      "Đại Ngãi",
      "Đại Thành"
    ]
  },
  "Gia Lai": {
    "phuong_xa": [
      "Al Bá",
      "An Bình",
      "An Hòa",
      "An Khê",
      "An Lão",
      "An Lương",
      "An Nhơn",
      "An Nhơn Bắc",
      "An Nhơn Nam",
      "An Nhơn Tây",
      "An Nhơn Đông",
      "An Phú",
      "An Toàn",
      "An Vinh",
      "Ayun",
      "Ayun Pa",
      "Biển Hồ",
      "Bàu Cạn",
      "Bình An",
      "Bình Dương",
      "Bình Hiệp",
      "Bình Khê",
      "Bình Phú",
      "Bình Định",
      "Bồng Sơn",
      "Bờ Ngoong",
      "Canh Liên",
      "Canh Vinh",
      "Chơ Long",
      "Chư A Thai",
      "Chư Krey",
      "Chư Prông",
      "Chư Păh",
      "Chư Pưh",
      "Chư Sê",
      "Cát Tiến",
      "Cửu An",
      "Diên Hồng",
      "Gào",
      "Hoài Nhơn",
      "Hoài Nhơn Bắc",
      "Hoài Nhơn Nam",
      "Hoài Nhơn Tây",
      "Hoài Nhơn Đông",
      "Hoài Ân",
      "Hra",
      "Hòa Hội",
      "Hội Phú",
      "Hội Sơn",
      "Ia Boòng",
      "Ia Băng",
      "Ia Chia",
      "Ia Dom",
      "Ia Dreh",
      "Ia Dơk",
      "Ia Grai",
      "Ia Hiao",
      "Ia Hrung",
      "Ia Hrú",
      "Ia Khươl",
      "Ia Ko",
      "Ia Krái",
      "Ia Krêl",
      "Ia Le",
      "Ia Ly",
      "Ia Lâu",
      "Ia Mơ",
      "Ia Nan",
      "Ia O",
      "Ia Pa",
      "Ia Phí",
      "Ia Pia",
      "Ia Pnôn",
      "Ia Púch",
      "Ia Rbol",
      "Ia Rsai",
      "Ia Sao",
      "Ia Tul",
      "Ia Tôr",
      "KDang",
      "Kbang",
      "Kim Sơn",
      "Kon Chiêng",
      "Kon Gang",
      "Krong",
      "Kông Bơ La",
      "Kông Chro",
      "Lơ Pang",
      "Mang Yang",
      "Ngô Mây",
      "Nhơn Châu",
      "Phù Cát",
      "Phù Mỹ",
      "Phù Mỹ Bắc",
      "Phù Mỹ Nam",
      "Phù Mỹ Tây",
      "Phù Mỹ Đông",
      "Phú Thiện",
      "Phú Túc",
      "Pleiku",
      "Pờ Tó",
      "Quy Nhơn",
      "Quy Nhơn Bắc",
      "Quy Nhơn Nam",
      "Quy Nhơn Tây",
      "Quy Nhơn Đông",
      "SRó",
      "Sơn Lang",
      "Tam Quan",
      "Thống Nhất",
      "Tuy Phước",
      "Tuy Phước Bắc",
      "Tuy Phước Tây",
      "Tuy Phước Đông",
      "Tây Sơn",
      "Tơ Tung",
      "Uar",
      "Vân Canh",
      "Vĩnh Quang",
      "Vĩnh Sơn",
      "Vĩnh Thạnh",
      "Vĩnh Thịnh",
      "Vạn Đức",
      "Xuân An",
      "Ya Hội",
      "Ya Ma",
      "Ân Hảo",
      "Ân Tường",
      "Đak Pơ",
      "Đak Rong",
      "Đak Sơmei",
      "Đak Đoa",
      "Đăk Song",
      "Đề Gi",
      "Đức Cơ"
    ]
  },
  "Huế": {
    "phuong_xa": [
      "A Lưới 1",
      "A Lưới 2",
      "A Lưới 3",
      "A Lưới 4",
      "A Lưới 5",
      "An Cựu",
      "Bình Điền",
      "Chân Mây - Lăng Cô",
      "Dương Nỗ",
      "Hóa Châu",
      "Hưng Lộc",
      "Hương An",
      "Hương Thủy",
      "Hương Trà",
      "Khe Tre",
      "Kim Long",
      "Kim Trà",
      "Long Quảng",
      "Lộc An",
      "Mỹ Thượng",
      "Nam Đông",
      "Phong Dinh",
      "Phong Phú",
      "Phong Quảng",
      "Phong Thái",
      "Phong Điền",
      "Phú Bài",
      "Phú Hồ",
      "Phú Lộc",
      "Phú Vang",
      "Phú Vinh",
      "Phú Xuân",
      "Quảng Điền",
      "Thanh Thủy",
      "Thuận An",
      "Thuận Hóa",
      "Thủy Xuân",
      "Vinh Lộc",
      "Vỹ Dạ",
      "Đan Điền"
    ]
  },
  "Hà Tĩnh": {
    "phuong_xa": [
      "Bắc Hồng Lĩnh",
      "Can Lộc",
      "Cẩm Bình",
      "Cẩm Duệ",
      "Cẩm Hưng",
      "Cẩm Lạc",
      "Cẩm Trung",
      "Cẩm Xuyên",
      "Cổ Đạm",
      "Gia Hanh",
      "Hoành Sơn",
      "Hà Huy Tập",
      "Hà Linh",
      "Hương Bình",
      "Hương Khê",
      "Hương Phố",
      "Hương Sơn",
      "Hương Xuân",
      "Hương Đô",
      "Hải Ninh",
      "Hồng Lộc",
      "Kim Hoa",
      "Kỳ Anh",
      "Kỳ Hoa",
      "Kỳ Khang",
      "Kỳ Lạc",
      "Kỳ Thượng",
      "Kỳ Văn",
      "Kỳ Xuân",
      "Lộc Hà",
      "Mai Hoa",
      "Mai Phụ",
      "Nam Hồng Lĩnh",
      "Nghi Xuân",
      "Phúc Trạch",
      "Sông Trí",
      "Sơn Giang",
      "Sơn Hồng",
      "Sơn Kim 1",
      "Sơn Kim 2",
      "Sơn Tiến",
      "Sơn Tây",
      "Thiên Cầm",
      "Thành Sen",
      "Thượng Đức",
      "Thạch Hà",
      "Thạch Khê",
      "Thạch Lạc",
      "Thạch Xuân",
      "Tiên Điền",
      "Toàn Lưu",
      "Trường Lưu",
      "Trần Phú",
      "Tùng Lộc",
      "Tứ Mỹ",
      "Việt Xuyên",
      "Vũ Quang",
      "Vũng Áng",
      "Xuân Lộc",
      "Yên Hòa",
      "Đan Hải",
      "Đông Kinh",
      "Đồng Lộc",
      "Đồng Tiến",
      "Đức Minh",
      "Đức Quang",
      "Đức Thịnh",
      "Đức Thọ",
      "Đức Đồng"
    ]
  },
  "Hưng Yên": {
    "phuong_xa": [
      "A Sào",
      "Bình Nguyên",
      "Bình Thanh",
      "Bình Định",
      "Bắc Thái Ninh",
      "Bắc Thụy Anh",
      "Bắc Tiên Hưng",
      "Bắc Đông Hưng",
      "Bắc Đông Quan",
      "Châu Ninh",
      "Chí Minh",
      "Diên Hà",
      "Hiệp Cường",
      "Hoàn Long",
      "Hoàng Hoa Thám",
      "Hưng Hà",
      "Hưng Phú",
      "Hồng Châu",
      "Hồng Minh",
      "Hồng Quang",
      "Hồng Vũ",
      "Khoái Châu",
      "Kiến Xương",
      "Long Hưng",
      "Lê Lợi",
      "Lê Quý Đôn",
      "Lương Bằng",
      "Lạc Đạo",
      "Minh Thọ",
      "Mễ Sở",
      "Mỹ Hào",
      "Nam Cường",
      "Nam Thái Ninh",
      "Nam Thụy Anh",
      "Nam Tiên Hưng",
      "Nam Tiền Hải",
      "Nam Đông Hưng",
      "Nghĩa Dân",
      "Nghĩa Trụ",
      "Nguyễn Du",
      "Nguyễn Trãi",
      "Nguyễn Văn Linh",
      "Ngọc Lâm",
      "Ngự Thiên",
      "Như Quỳnh",
      "Phạm Ngũ Lão",
      "Phố Hiến",
      "Phụ Dực",
      "Phụng Công",
      "Quang Hưng",
      "Quang Lịch",
      "Quỳnh An",
      "Quỳnh Phụ",
      "Sơn Nam",
      "Thái Bình",
      "Thái Ninh",
      "Thái Thụy",
      "Thư Trì",
      "Thư Vũ",
      "Thượng Hồng",
      "Thần Khê",
      "Thụy Anh",
      "Tiên Hoa",
      "Tiên Hưng",
      "Tiên La",
      "Tiên Lữ",
      "Tiên Tiến",
      "Tiền Hải",
      "Triệu Việt Vương",
      "Trà Giang",
      "Trà Lý",
      "Trần Hưng Đạo",
      "Trần Lãm",
      "Tân Hưng",
      "Tân Thuận",
      "Tân Tiến",
      "Tây Thái Ninh",
      "Tây Thụy Anh",
      "Tây Tiền Hải",
      "Tống Trân",
      "Việt Tiến",
      "Việt Yên",
      "Văn Giang",
      "Vũ Phúc",
      "Vũ Quý",
      "Vũ Thư",
      "Vũ Tiên",
      "Vạn Xuân",
      "Xuân Trúc",
      "Yên Mỹ",
      "Ái Quốc",
      "Ân Thi",
      "Đoàn Đào",
      "Đông Hưng",
      "Đông Quan",
      "Đông Thụy Anh",
      "Đông Thái Ninh",
      "Đông Tiên Hưng",
      "Đông Tiền Hải",
      "Đường Hào",
      "Đại Đồng",
      "Đồng Bằng",
      "Đồng Châu",
      "Đức Hợp"
    ]
  },
  "Hải Phòng": {
    "phuong_xa": [
      "An Biên",
      "An Dương",
      "An Hưng",
      "An Hải",
      "An Khánh",
      "An Lão",
      "An Phong",
      "An Phú",
      "An Quang",
      "An Thành",
      "An Trường",
      "Bình Giang",
      "Bạch Long Vĩ",
      "Bạch Đằng",
      "Bắc An Phụ",
      "Bắc Thanh Miện",
      "Chu Văn An",
      "Chí Linh",
      "Chí Minh",
      "Chấn Hưng",
      "Cát Hải",
      "Cẩm Giang",
      "Cẩm Giàng",
      "Dương Kinh",
      "Gia Lộc",
      "Gia Phúc",
      "Gia Viên",
      "Hà Bắc",
      "Hà Nam",
      "Hà Tây",
      "Hà Đông",
      "Hòa Bình",
      "Hùng Thắng",
      "Hưng Đạo",
      "Hải An",
      "Hải Dương",
      "Hải Hưng",
      "Hồng An",
      "Hồng Bàng",
      "Hồng Châu",
      "Hợp Tiến",
      "Khúc Thừa Dụ",
      "Kim Thành",
      "Kinh Môn",
      "Kiến An",
      "Kiến Hưng",
      "Kiến Hải",
      "Kiến Minh",
      "Kiến Thụy",
      "Kẻ Sặt",
      "Lai Khê",
      "Lê Chân",
      "Lê Thanh Nghị",
      "Lê Ích Mộc",
      "Lê Đại Hành",
      "Lưu Kiếm",
      "Lạc Phượng",
      "Mao Điền",
      "Nam An Phụ",
      "Nam Sách",
      "Nam Thanh Miện",
      "Nam Triệu",
      "Nam Đồ Sơn",
      "Nam Đồng",
      "Nghi Dương",
      "Nguyên Giáp",
      "Nguyễn Bỉnh Khiêm",
      "Nguyễn Lương Bằng",
      "Nguyễn Trãi",
      "Nguyễn Đại Năng",
      "Ngô Quyền",
      "Nhị Chiểu",
      "Ninh Giang",
      "Phù Liễn",
      "Phú Thái",
      "Phạm Sư Mạnh",
      "Quyết Thắng",
      "Thanh Hà",
      "Thanh Miện",
      "Thiên Hương",
      "Thành Đông",
      "Thái Tân",
      "Thượng Hồng",
      "Thạch Khôi",
      "Thủy Nguyên",
      "Tiên Lãng",
      "Tiên Minh",
      "Trường Tân",
      "Trần Hưng Đạo",
      "Trần Liễu",
      "Trần Nhân Tông",
      "Trần Phú",
      "Tuệ Tĩnh",
      "Tân An",
      "Tân Hưng",
      "Tân Kỳ",
      "Tân Minh",
      "Tứ Kỳ",
      "Tứ Minh",
      "Việt Hòa",
      "Việt Khê",
      "Vĩnh Am",
      "Vĩnh Bảo",
      "Vĩnh Hòa",
      "Vĩnh Hải",
      "Vĩnh Lại",
      "Vĩnh Thuận",
      "Vĩnh Thịnh",
      "Yết Kiêu",
      "Ái Quốc",
      "Đông Hải",
      "Đường An",
      "Đại Sơn",
      "Đồ Sơn"
    ]
  },
  "Khánh Hòa": {
    "phuong_xa": [
      "Anh Dũng",
      "Ba Ngòi",
      "Bác Ái",
      "Bác Ái Tây",
      "Bác Ái Đông",
      "Bảo An",
      "Bắc Cam Ranh",
      "Bắc Khánh Vĩnh",
      "Bắc Nha Trang",
      "Bắc Ninh Hòa",
      "Cam An",
      "Cam Hiệp",
      "Cam Linh",
      "Cam Lâm",
      "Cam Ranh",
      "Cà Ná",
      "Công Hải",
      "Diên Khánh",
      "Diên Lâm",
      "Diên Lạc",
      "Diên Thọ",
      "Diên Điền",
      "Hòa Thắng",
      "Hòa Trí",
      "Khánh Sơn",
      "Khánh Vĩnh",
      "Lâm Sơn",
      "Mỹ Sơn",
      "Nam Cam Ranh",
      "Nam Khánh Vĩnh",
      "Nam Nha Trang",
      "Nam Ninh Hòa",
      "Nha Trang",
      "Ninh Chử",
      "Ninh Hòa",
      "Ninh Hải",
      "Ninh Phước",
      "Ninh Sơn",
      "Phan Rang",
      "Phước Dinh",
      "Phước Hà",
      "Phước Hậu",
      "Phước Hữu",
      "Suối Dầu",
      "Suối Hiệp",
      "Thuận Bắc",
      "Thuận Nam",
      "Trung Khánh Vĩnh",
      "Trường Sa",
      "Tu Bông",
      "Tân Định",
      "Tây Khánh Sơn",
      "Tây Khánh Vĩnh",
      "Tây Nha Trang",
      "Tây Ninh Hòa",
      "Vĩnh Hải",
      "Vạn Hưng",
      "Vạn Ninh",
      "Vạn Thắng",
      "Xuân Hải",
      "Đô Vinh",
      "Đông Hải",
      "Đông Khánh Sơn",
      "Đông Ninh Hòa",
      "Đại Lãnh"
    ]
  },
  "Lai Châu": {
    "phuong_xa": [
      "Bum Nưa",
      "Bum Tở",
      "Bình Lư",
      "Bản Bo",
      "Dào San",
      "Hua Bum",
      "Hồng Thu",
      "Khoen On",
      "Khun Há",
      "Khổng Lào",
      "Lê Lợi",
      "Mù Cả",
      "Mường Khoa",
      "Mường Kim",
      "Mường Mô",
      "Mường Than",
      "Mường Tè",
      "Nậm Cuổi",
      "Nậm Hàng",
      "Nậm Mạ",
      "Nậm Sỏ",
      "Nậm Tăm",
      "Pa Tần",
      "Pa Ủ",
      "Phong Thổ",
      "Pu Sam Cáp",
      "Pắc Ta",
      "Sin Suối Hồ",
      "Sì Lở Lầu",
      "Sìn Hồ",
      "Than Uyên",
      "Thu Lũm",
      "Tà Tổng",
      "Tân Phong",
      "Tân Uyên",
      "Tả Lèng",
      "Tủa Sín Chải",
      "Đoàn Kết"
    ]
  },
  "Lào Cai": {
    "phuong_xa": [
      "A Mú Sung",
      "Bát Xát",
      "Bản Hồ",
      "Bản Liền",
      "Bản Lầu",
      "Bản Xèo",
      "Bảo Hà",
      "Bảo Nhai",
      "Bảo Thắng",
      "Bảo Yên",
      "Bảo Ái",
      "Bắc Hà",
      "Cam Đường",
      "Cao Sơn",
      "Chiềng Ken",
      "Châu Quế",
      "Chấn Thịnh",
      "Chế Tạo",
      "Cát Thịnh",
      "Cảm Nhân",
      "Cầu Thia",
      "Cốc Lầu",
      "Cốc San",
      "Dương Quỳ",
      "Dền Sáng",
      "Gia Hội",
      "Gia Phú",
      "Hưng Khánh",
      "Hạnh Phúc",
      "Hợp Thành",
      "Khao Mang",
      "Khánh Hòa",
      "Khánh Yên",
      "Lao Chải",
      "Liên Sơn",
      "Lào Cai",
      "Lâm Giang",
      "Lâm Thượng",
      "Lùng Phình",
      "Lương Thịnh",
      "Lục Yên",
      "Minh Lương",
      "Mù Cang Chải",
      "Mường Bo",
      "Mường Hum",
      "Mường Khương",
      "Mường Lai",
      "Mậu A",
      "Mỏ Vàng",
      "Nam Cường",
      "Nghĩa Lộ",
      "Nghĩa Tâm",
      "Nghĩa Đô",
      "Ngũ Chỉ Sơn",
      "Nậm Chày",
      "Nậm Có",
      "Nậm Xé",
      "Pha Long",
      "Phong Dụ Hạ",
      "Phong Dụ Thượng",
      "Phong Hải",
      "Phình Hồ",
      "Phúc Khánh",
      "Phúc Lợi",
      "Púng Luông",
      "Quy Mông",
      "Sa Pa",
      "Si Ma Cai",
      "Sín Chéng",
      "Sơn Lương",
      "Thác Bà",
      "Thượng Bằng La",
      "Thượng Hà",
      "Trung Tâm",
      "Trạm Tấu",
      "Trấn Yên",
      "Trịnh Tường",
      "Tà Xi Láng",
      "Tân Hợp",
      "Tân Lĩnh",
      "Tú Lệ",
      "Tả Củ Tỷ",
      "Tả Phìn",
      "Tả Van",
      "Tằng Loỏng",
      "Việt Hồng",
      "Võ Lao",
      "Văn Bàn",
      "Văn Chấn",
      "Văn Phú",
      "Xuân Hòa",
      "Xuân Quang",
      "Xuân Ái",
      "Y Tý",
      "Yên Bái",
      "Yên Bình",
      "Yên Thành",
      "Âu Lâu",
      "Đông Cuông"
    ]
  },
  "Lâm Đồng": {
    "phuong_xa": [
      "1 Bảo Lộc",
      "2 Bảo Lộc",
      "3 Bảo Lộc",
      "Bình Thuận",
      "Bảo Lâm 1",
      "Bảo Lâm 2",
      "Bảo Lâm 3",
      "Bảo Lâm 4",
      "Bảo Lâm 5",
      "Bảo Thuận",
      "Bắc Bình",
      "Bắc Gia Nghĩa",
      "Bắc Ruộng",
      "B’Lao",
      "Cam Ly - Đà Lạt",
      "Cát Tiên",
      "Cát Tiên 2",
      "Cát Tiên 3",
      "Cư Jút",
      "Di Linh",
      "D’Ran",
      "Gia Hiệp",
      "Hiệp Thạnh",
      "Hoài Đức",
      "Hàm Kiệm",
      "Hàm Liêm",
      "Hàm Thuận",
      "Hàm Thuận Bắc",
      "Hàm Thuận Nam",
      "Hàm Thạnh",
      "Hàm Thắng",
      "Hàm Tân",
      "Hòa Bắc",
      "Hòa Ninh",
      "Hòa Thắng",
      "Hải Ninh",
      "Hồng Sơn",
      "Hồng Thái",
      "Ka Đô",
      "Kiến Đức",
      "Krông Nô",
      "La Dạ",
      "La Gi",
      "Lang Biang - Đà Lạt",
      "Liên Hương",
      "Lâm Viên - Đà Lạt",
      "Lương Sơn",
      "Lạc Dương",
      "Mũi Né",
      "Nam Ban Lâm Hà",
      "Nam Dong",
      "Nam Gia Nghĩa",
      "Nam Hà Lâm Hà",
      "Nam Thành",
      "Nam Đà",
      "Nghị Đức",
      "Nhân Cơ",
      "Ninh Gia",
      "Nâm Nung",
      "Phan Rí Cửa",
      "Phan Sơn",
      "Phan Thiết",
      "Phú Quý",
      "Phú Sơn Lâm Hà",
      "Phú Thủy",
      "Phúc Thọ Lâm Hà",
      "Phước Hội",
      "Quảng Hòa",
      "Quảng Khê",
      "Quảng Lập",
      "Quảng Phú",
      "Quảng Sơn",
      "Quảng Trực",
      "Quảng Tân",
      "Quảng Tín",
      "Suối Kiết",
      "Sông Lũy",
      "Sơn Mỹ",
      "Sơn Điền",
      "Thuận An",
      "Thuận Hạnh",
      "Tiến Thành",
      "Trà Tân",
      "Trường Xuân",
      "Tuy Phong",
      "Tuy Đức",
      "Tuyên Quang",
      "Tà Hine",
      "Tà Năng",
      "Tà Đùng",
      "Tánh Linh",
      "Tân Hà Lâm Hà",
      "Tân Hải",
      "Tân Hội",
      "Tân Lập",
      "Tân Minh",
      "Tân Thành",
      "Vĩnh Hảo",
      "Xuân Hương - Đà Lạt",
      "Xuân Trường - Đà Lạt",
      "Đam Rông 1",
      "Đam Rông 2",
      "Đam Rông 3",
      "Đam Rông 4",
      "Đinh Trang Thượng",
      "Đinh Văn Lâm Hà",
      "Đông Gia Nghĩa",
      "Đông Giang",
      "Đơn Dương",
      "Đạ Huoai",
      "Đạ Huoai 2",
      "Đạ Huoai 3",
      "Đạ Tẻh",
      "Đạ Tẻh 2",
      "Đạ Tẻh 3",
      "Đắk Mil",
      "Đắk Song",
      "Đắk Sắk",
      "Đắk Wil",
      "Đồng Kho",
      "Đức An",
      "Đức Linh",
      "Đức Lập",
      "Đức Trọng"
    ]
  },
  "Lạng Sơn": {
    "phuong_xa": [
      "Ba Sơn",
      "Bình Gia",
      "Bắc Sơn",
      "Bằng Mạc",
      "Cai Kinh",
      "Cao Lộc",
      "Chi Lăng",
      "Chiến Thắng",
      "Châu Sơn",
      "Công Sơn",
      "Hoa Thám",
      "Hoàng Văn Thụ",
      "Hưng Vũ",
      "Hồng Phong",
      "Hội Hoan",
      "Hữu Liên",
      "Hữu Lũng",
      "Khuất Xá",
      "Kháng Chiến",
      "Khánh Khê",
      "Kiên Mộc",
      "Kỳ Lừa",
      "Lương Văn Tri",
      "Lộc Bình",
      "Lợi Bác",
      "Mẫu Sơn",
      "Na Dương",
      "Na Sầm",
      "Nhân Lý",
      "Nhất Hòa",
      "Quan Sơn",
      "Quý Hòa",
      "Quốc Khánh",
      "Quốc Việt",
      "Tam Thanh",
      "Thiện Hòa",
      "Thiện Long",
      "Thiện Thuật",
      "Thiện Tân",
      "Thái Bình",
      "Thất Khê",
      "Thống Nhất",
      "Thụy Hùng",
      "Tri Lễ",
      "Tràng Định",
      "Tuấn Sơn",
      "Tân Thành",
      "Tân Tiến",
      "Tân Tri",
      "Tân Văn",
      "Tân Đoàn",
      "Vân Nham",
      "Văn Lãng",
      "Văn Quan",
      "Vũ Lăng",
      "Vũ Lễ",
      "Vạn Linh",
      "Xuân Dương",
      "Yên Bình",
      "Yên Phúc",
      "Điềm He",
      "Đoàn Kết",
      "Đình Lập",
      "Đông Kinh",
      "Đồng Đăng"
    ]
  },
  "Nghệ An": {
    "phuong_xa": [
      "An Châu",
      "Anh Sơn",
      "Anh Sơn Đông",
      "Bình Chuẩn",
      "Bình Minh",
      "Bích Hào",
      "Bạch Hà",
      "Bạch Ngọc",
      "Bắc Lý",
      "Cam Phục",
      "Chiêu Lưu",
      "Châu Bình",
      "Châu Hồng",
      "Châu Khê",
      "Châu Lộc",
      "Châu Tiến",
      "Con Cuông",
      "Cát Ngạn",
      "Cửa Lò",
      "Diễn Châu",
      "Giai Lạc",
      "Giai Xuân",
      "Hoa Quân",
      "Hoàng Mai",
      "Huồi Tụ",
      "Hùng Chân",
      "Hùng Châu",
      "Hưng Nguyên",
      "Hưng Nguyên Nam",
      "Hạnh Lâm",
      "Hải Châu",
      "Hải Lộc",
      "Hợp Minh",
      "Hữu Khuông",
      "Hữu Kiệm",
      "Keng Đu",
      "Kim Bảng",
      "Kim Liên",
      "Lam Thành",
      "Lương Sơn",
      "Lượng Minh",
      "Minh Châu",
      "Minh Hợp",
      "Môn Sơn",
      "Mường Chọng",
      "Mường Ham",
      "Mường Lống",
      "Mường Quàng",
      "Mường Típ",
      "Mường Xén",
      "Mậu Thạch",
      "Mỹ Lý",
      "Na Loi",
      "Na Ngoi",
      "Nam Đàn",
      "Nga My",
      "Nghi Lộc",
      "Nghĩa Hành",
      "Nghĩa Hưng",
      "Nghĩa Khánh",
      "Nghĩa Lâm",
      "Nghĩa Lộc",
      "Nghĩa Mai",
      "Nghĩa Thọ",
      "Nghĩa Đàn",
      "Nghĩa Đồng",
      "Nhân Hòa",
      "Nhôn Mai",
      "Nậm Cắn",
      "Phúc Lộc",
      "Quan Thành",
      "Quang Đồng",
      "Quảng Châu",
      "Quế Phong",
      "Quỳ Châu",
      "Quỳ Hợp",
      "Quỳnh Anh",
      "Quỳnh Lưu",
      "Quỳnh Mai",
      "Quỳnh Phú",
      "Quỳnh Sơn",
      "Quỳnh Tam",
      "Quỳnh Thắng",
      "Quỳnh Văn",
      "Sơn Lâm",
      "Tam Hợp",
      "Tam Quang",
      "Tam Thái",
      "Tam Đồng",
      "Thiên Nhẫn",
      "Thuần Trung",
      "Thành Bình Thọ",
      "Thành Vinh",
      "Thái Hòa",
      "Thông Thụ",
      "Thần Lĩnh",
      "Tiên Đồng",
      "Tiền Phong",
      "Tri Lễ",
      "Trung Lộc",
      "Trường Vinh",
      "Tân An",
      "Tân Châu",
      "Tân Kỳ",
      "Tân Mai",
      "Tân Phú",
      "Tây Hiếu",
      "Tương Dương",
      "Vinh Hưng",
      "Vinh Lộc",
      "Vinh Phú",
      "Vân Du",
      "Vân Tụ",
      "Văn Hiến",
      "Văn Kiều",
      "Vĩnh Tường",
      "Vạn An",
      "Xuân Lâm",
      "Yên Hòa",
      "Yên Na",
      "Yên Thành",
      "Yên Trung",
      "Yên Xuân",
      "Đô Lương",
      "Đông Hiếu",
      "Đông Lộc",
      "Đông Thành",
      "Đại Huệ",
      "Đại Đồng",
      "Đức Châu"
    ]
  },
  "Ninh BÌnh": {
    "phuong_xa": [
      "Bình An",
      "Bình Giang",
      "Bình Lục",
      "Bình Minh",
      "Bình Mỹ",
      "Bình Sơn",
      "Bắc Lý",
      "Châu Sơn",
      "Chất Bình",
      "Cát Thành",
      "Cúc Phương",
      "Cổ Lễ",
      "Duy Hà",
      "Duy Tiên",
      "Duy Tân",
      "Gia Hưng",
      "Gia Lâm",
      "Gia Phong",
      "Gia Trấn",
      "Gia Tường",
      "Gia Viễn",
      "Gia Vân",
      "Giao Bình",
      "Giao Hòa",
      "Giao Hưng",
      "Giao Minh",
      "Giao Ninh",
      "Giao Phúc",
      "Giao Thủy",
      "Hiển Khánh",
      "Hoa Lư",
      "Hà Nam",
      "Hải An",
      "Hải Anh",
      "Hải Hưng",
      "Hải Hậu",
      "Hải Quang",
      "Hải Thịnh",
      "Hải Tiến",
      "Hải Xuân",
      "Hồng Phong",
      "Hồng Quang",
      "Khánh Hội",
      "Khánh Nhạc",
      "Khánh Thiện",
      "Khánh Trung",
      "Kim Bảng",
      "Kim Sơn",
      "Kim Thanh",
      "Kim Đông",
      "Lai Thành",
      "Liêm Hà",
      "Liêm Tuyền",
      "Liên Minh",
      "Lê Hồ",
      "Lý Nhân",
      "Lý Thường Kiệt",
      "Minh Thái",
      "Minh Tân",
      "Mỹ Lộc",
      "Nam Hoa Lư",
      "Nam Hồng",
      "Nam Lý",
      "Nam Minh",
      "Nam Ninh",
      "Nam Trực",
      "Nam Xang",
      "Nam Định",
      "Nam Đồng",
      "Nghĩa Hưng",
      "Nghĩa Lâm",
      "Nghĩa Sơn",
      "Nguyễn Úy",
      "Nho Quan",
      "Nhân Hà",
      "Ninh Cường",
      "Ninh Giang",
      "Phong Doanh",
      "Phát Diệm",
      "Phù Vân",
      "Phú Long",
      "Phú Sơn",
      "Phủ Lý",
      "Quang Hưng",
      "Quang Thiện",
      "Quỳnh Lưu",
      "Quỹ Nhất",
      "Rạng Đông",
      "Tam Chúc",
      "Tam Điệp",
      "Thanh Bình",
      "Thanh Liêm",
      "Thanh Lâm",
      "Thanh Sơn",
      "Thiên Trường",
      "Thành Nam",
      "Tiên Sơn",
      "Trung Sơn",
      "Trường Thi",
      "Trần Thương",
      "Trực Ninh",
      "Tân Minh",
      "Tân Thanh",
      "Tây Hoa Lư",
      "Vĩnh Trụ",
      "Vũ Dương",
      "Vạn Thắng",
      "Vị Khê",
      "Vụ Bản",
      "Xuân Giang",
      "Xuân Hưng",
      "Xuân Hồng",
      "Xuân Trường",
      "Yên Cường",
      "Yên Khánh",
      "Yên Mô",
      "Yên Mạc",
      "Yên Sơn",
      "Yên Thắng",
      "Yên Từ",
      "Yên Đồng",
      "Ý Yên",
      "Đông A",
      "Đông Hoa Lư",
      "Đại Hoàng",
      "Định Hóa",
      "Đồng Thái",
      "Đồng Thịnh",
      "Đồng Văn"
    ]
  },
  "Phú Thọ": {
    "phuong_xa": [
      "An Bình",
      "An Nghĩa",
      "Bao La",
      "Bình Nguyên",
      "Bình Phú",
      "Bình Tuyền",
      "Bình Xuyên",
      "Bản Nguyên",
      "Bằng Luân",
      "Cao Dương",
      "Cao Phong",
      "Cao Sơn",
      "Chân Mộng",
      "Chí Tiên",
      "Chí Đám",
      "Cẩm Khê",
      "Cự Đồng",
      "Dân Chủ",
      "Dũng Tiến",
      "Hiền Lương",
      "Hiền Quan",
      "Hoàng An",
      "Hoàng Cương",
      "Hy Cương",
      "Hòa Bình",
      "Hùng Việt",
      "Hương Cần",
      "Hạ Hòa",
      "Hải Lựu",
      "Hội Thịnh",
      "Hợp Kim",
      "Hợp Lý",
      "Khả Cửu",
      "Kim Bôi",
      "Kỳ Sơn",
      "Lai Đồng",
      "Liên Châu",
      "Liên Hòa",
      "Liên Minh",
      "Liên Sơn",
      "Long Cốc",
      "Lâm Thao",
      "Lương Sơn",
      "Lạc Lương",
      "Lạc Sơn",
      "Lạc Thủy",
      "Lập Thạch",
      "Mai Châu",
      "Mai Hạ",
      "Minh Hòa",
      "Minh Đài",
      "Mường Bi",
      "Mường Hoa",
      "Mường Thàng",
      "Mường Vang",
      "Mường Động",
      "Nguyệt Đức",
      "Ngọc Sơn",
      "Nhân Nghĩa",
      "Nông Trang",
      "Nật Sơn",
      "Phong Châu",
      "Phù Ninh",
      "Phùng Nguyên",
      "Phú Khê",
      "Phú Mỹ",
      "Phú Thọ",
      "Phúc Yên",
      "Pà Cò",
      "Quy Đức",
      "Quyết Thắng",
      "Quảng Yên",
      "Sông Lô",
      "Sơn Lương",
      "Sơn Đông",
      "Tam Dương",
      "Tam Dương Bắc",
      "Tam Hồng",
      "Tam Nông",
      "Tam Sơn",
      "Tam Đảo",
      "Thanh Ba",
      "Thanh Miếu",
      "Thanh Sơn",
      "Thanh Thủy",
      "Thu Cúc",
      "Thung Nai",
      "Thái Hòa",
      "Thượng Cốc",
      "Thượng Long",
      "Thịnh Minh",
      "Thọ Văn",
      "Thống Nhất",
      "Thổ Tang",
      "Tiên Lương",
      "Tiên Lữ",
      "Tiền Phong",
      "Toàn Thắng",
      "Trung Sơn",
      "Trạm Thản",
      "Tu Vũ",
      "Tân Hòa",
      "Tân Lạc",
      "Tân Mai",
      "Tân Pheo",
      "Tân Sơn",
      "Tây Cốc",
      "Tề Lỗ",
      "Việt Trì",
      "Vân Bán",
      "Vân Phú",
      "Vân Sơn",
      "Võ Miếu",
      "Văn Lang",
      "Văn Miếu",
      "Vĩnh An",
      "Vĩnh Chân",
      "Vĩnh Hưng",
      "Vĩnh Phú",
      "Vĩnh Phúc",
      "Vĩnh Thành",
      "Vĩnh Tường",
      "Vĩnh Yên",
      "Vạn Xuân",
      "Xuân Hòa",
      "Xuân Lãng",
      "Xuân Lũng",
      "Xuân Viên",
      "Xuân Đài",
      "Yên Kỳ",
      "Yên Lãng",
      "Yên Lạc",
      "Yên Lập",
      "Yên Phú",
      "Yên Sơn",
      "Yên Thủy",
      "Yên Trị",
      "Âu Cơ",
      "Đan Thượng",
      "Đoan Hùng",
      "Đà Bắc",
      "Đào Xá",
      "Đông Thành",
      "Đại Đình",
      "Đại Đồng",
      "Đạo Trù",
      "Đồng Lương",
      "Đức Nhàn"
    ]
  },
  "Quảng Ngãi": {
    "phuong_xa": [
      "An Phú",
      "Ba Dinh",
      "Ba Gia",
      "Ba Tô",
      "Ba Tơ",
      "Ba Vinh",
      "Ba Vì",
      "Ba Xa",
      "Ba Động",
      "Bình Chương",
      "Bình Minh",
      "Bình Sơn",
      "Bờ Y",
      "Cà Đam",
      "Cẩm Thành",
      "Dục Nông",
      "Ia Chim",
      "Ia Tơi",
      "Ia Đal",
      "Khánh Cường",
      "Kon Braih",
      "Kon Plông",
      "Kon Tum",
      "Kon Đào",
      "Long Phụng",
      "Lân Phong",
      "Lý Sơn",
      "Minh Long",
      "Mô Rai",
      "Măng Bút",
      "Măng Ri",
      "Măng Đen",
      "Mỏ Cày",
      "Mộ Đức",
      "Nghĩa Giang",
      "Nghĩa Hành",
      "Nghĩa Lộ",
      "Nguyễn Nghiêm",
      "Ngọc Linh",
      "Ngọk Bay",
      "Ngọk Réo",
      "Ngọk Tụ",
      "Phước Giang",
      "Rờ Kơi",
      "Sa Bình",
      "Sa Huỳnh",
      "Sa Loong",
      "Sa Thầy",
      "Sơn Hà",
      "Sơn Hạ",
      "Sơn Kỳ",
      "Sơn Linh",
      "Sơn Mai",
      "Sơn Thủy",
      "Sơn Tây",
      "Sơn Tây Hạ",
      "Sơn Tây Thượng",
      "Sơn Tịnh",
      "Thanh Bồng",
      "Thiện Tín",
      "Thọ Phong",
      "Trà Bồng",
      "Trà Câu",
      "Trà Giang",
      "Trương Quang Trọng",
      "Trường Giang",
      "Tu Mơ Rông",
      "Tây Trà",
      "Tây Trà Bồng",
      "Tư Nghĩa",
      "Tịnh Khê",
      "Vạn Tường",
      "Vệ Giang",
      "Xốp",
      "Ya Ly",
      "Đình Cương",
      "Đông Sơn",
      "Đông Trà Bồng",
      "Đăk Bla",
      "Đăk Cấm",
      "Đăk Hà",
      "Đăk Kôi",
      "Đăk Long",
      "Đăk Mar",
      "Đăk Môn",
      "Đăk Plô",
      "Đăk Pxi",
      "Đăk Pék",
      "Đăk Rve",
      "Đăk Rơ Wa",
      "Đăk Sao",
      "Đăk Tô",
      "Đăk Tờ Kan",
      "Đăk Ui",
      "Đặng Thùy Trâm",
      "Đức Phổ"
    ]
  },
  "Quảng Ninh": {
    "phuong_xa": [
      "An Sinh",
      "Ba Chẽ",
      "Bãi Cháy",
      "Bình Khê",
      "Bình Liêu",
      "Cao Xanh",
      "Cái Chiên",
      "Cô Tô",
      "Cẩm Phả",
      "Cửa Ông",
      "Hiệp Hòa",
      "Hoàng Quế",
      "Hoành Bồ",
      "Hoành Mô",
      "Hà An",
      "Hà Lầm",
      "Hà Tu",
      "Hạ Long",
      "Hải Hòa",
      "Hải Lạng",
      "Hải Ninh",
      "Hải Sơn",
      "Hồng Gai",
      "Kỳ Thượng",
      "Liên Hòa",
      "Lương Minh",
      "Lục Hồn",
      "Móng Cái 1",
      "Móng Cái 2",
      "Móng Cái 3",
      "Mông Dương",
      "Mạo Khê",
      "Phong Cốc",
      "Quang Hanh",
      "Quảng Hà",
      "Quảng La",
      "Quảng Tân",
      "Quảng Yên",
      "Quảng Đức",
      "Thống Nhất",
      "Tiên Yên",
      "Tuần Châu",
      "Uông Bí",
      "Việt Hưng",
      "Vàng Danh",
      "Vân Đồn",
      "Vĩnh Thực",
      "Yên Tử",
      "Điền Xá",
      "Đông Mai",
      "Đông Ngũ",
      "Đông Triều",
      "Đường Hoa",
      "Đầm Hà"
    ]
  },
  "Quảng Trị": {
    "phuong_xa": [
      "A Dơi",
      "Ba Lòng",
      "Ba Đồn",
      "Bắc Gianh",
      "Bắc Trạch",
      "Bến Hải",
      "Bến Quan",
      "Bố Trạch",
      "Cam Hồng",
      "Cam Lộ",
      "Cồn Cỏ",
      "Cồn Tiên",
      "Cửa Tùng",
      "Cửa Việt",
      "Diên Sanh",
      "Dân Hóa",
      "Gio Linh",
      "Hiếu Giang",
      "Hoàn Lão",
      "Hòa Trạch",
      "Hướng Hiệp",
      "Hướng Lập",
      "Hướng Phùng",
      "Hải Lăng",
      "Khe Sanh",
      "Kim Ngân",
      "Kim Phú",
      "Kim Điền",
      "La Lay",
      "Lao Bảo",
      "Lìa",
      "Lệ Ninh",
      "Lệ Thủy",
      "Minh Hóa",
      "Mỹ Thủy",
      "Nam Ba Đồn",
      "Nam Cửa Việt",
      "Nam Gianh",
      "Nam Hải Lăng",
      "Nam Trạch",
      "Nam Đông Hà",
      "Ninh Châu",
      "Phong Nha",
      "Phú Trạch",
      "Quảng Ninh",
      "Quảng Trạch",
      "Quảng Trị",
      "Sen Ngư",
      "Thượng Trạch",
      "Triệu Bình",
      "Triệu Cơ",
      "Triệu Phong",
      "Trung Thuần",
      "Trường Ninh",
      "Trường Phú",
      "Trường Sơn",
      "Tuyên Bình",
      "Tuyên Hóa",
      "Tuyên Lâm",
      "Tuyên Phú",
      "Tuyên Sơn",
      "Tà Rụt",
      "Tân Gianh",
      "Tân Lập",
      "Tân Mỹ",
      "Tân Thành",
      "Vĩnh Hoàng",
      "Vĩnh Linh",
      "Vĩnh Thủy",
      "Vĩnh Định",
      "Ái Tử",
      "Đakrông",
      "Đông Hà",
      "Đông Trạch",
      "Đồng Hới",
      "Đồng Lê",
      "Đồng Sơn",
      "Đồng Thuận"
    ]
  },
  "Sơn La": {
    "phuong_xa": [
      "Bình Thuận",
      "Bó Sinh",
      "Bắc Yên",
      "Chiềng An",
      "Chiềng Cơi",
      "Chiềng Hoa",
      "Chiềng Hặc",
      "Chiềng Khoong",
      "Chiềng Khương",
      "Chiềng La",
      "Chiềng Lao",
      "Chiềng Mai",
      "Chiềng Mung",
      "Chiềng Sinh",
      "Chiềng Sung",
      "Chiềng Sơ",
      "Chiềng Sơn",
      "Chiềng Sại",
      "Co Mạ",
      "Gia Phù",
      "Huổi Một",
      "Kim Bon",
      "Long Hẹ",
      "Lóng Phiêng",
      "Lóng Sập",
      "Mai Sơn",
      "Muổi Nọi",
      "Mường Bang",
      "Mường Bám",
      "Mường Bú",
      "Mường Chanh",
      "Mường Chiên",
      "Mường Cơi",
      "Mường Giôn",
      "Mường Hung",
      "Mường Khiêng",
      "Mường La",
      "Mường Lèo",
      "Mường Lạn",
      "Mường Lầm",
      "Mường Sại",
      "Mường É",
      "Mộc Châu",
      "Mộc Sơn",
      "Ngọc Chiến",
      "Nậm Lầu",
      "Nậm Ty",
      "Phiêng Cằm",
      "Phiêng Khoài",
      "Phiêng Pằn",
      "Phù Yên",
      "Púng Bánh",
      "Pắc Ngà",
      "Quỳnh Nhai",
      "Song Khủa",
      "Suối Tọ",
      "Sông Mã",
      "Sốp Cộp",
      "Thuận Châu",
      "Thảo Nguyên",
      "Tà Hộc",
      "Tà Xùa",
      "Tân Phong",
      "Tân Yên",
      "Tô Hiệu",
      "Tô Múa",
      "Tường Hạ",
      "Tạ Khoa",
      "Vân Hồ",
      "Vân Sơn",
      "Xuân Nha",
      "Xím Vàng",
      "Yên Châu",
      "Yên Sơn",
      "Đoàn Kết"
    ]
  },
  "Thanh Hóa": {
    "phuong_xa": [
      "An Nông",
      "Ba Đình",
      "Biện Thượng",
      "Bá Thước",
      "Bát Mọt",
      "Bỉm Sơn",
      "Các Sơn",
      "Công Chính",
      "Cẩm Thạch",
      "Cẩm Thủy",
      "Cẩm Tân",
      "Cẩm Tú",
      "Cẩm Vân",
      "Cổ Lũng",
      "Giao An",
      "Hiền Kiệt",
      "Hoa Lộc",
      "Hoạt Giang",
      "Hoằng Châu",
      "Hoằng Giang",
      "Hoằng Hóa",
      "Hoằng Lộc",
      "Hoằng Phú",
      "Hoằng Sơn",
      "Hoằng Thanh",
      "Hoằng Tiến",
      "Hà Long",
      "Hà Trung",
      "Hàm Rồng",
      "Hóa Quỳ",
      "Hạc Thành",
      "Hải Bình",
      "Hải Lĩnh",
      "Hậu Lộc",
      "Hồ Vương",
      "Hồi Xuân",
      "Hợp Tiến",
      "Kim Tân",
      "Kiên Thọ",
      "Lam Sơn",
      "Linh Sơn",
      "Luận Thành",
      "Lĩnh Toại",
      "Lưu Vệ",
      "Lương Sơn",
      "Minh Sơn",
      "Mường Chanh",
      "Mường Lát",
      "Mường Lý",
      "Mường Mìn",
      "Mậu Lâm",
      "Na Mèo",
      "Nam Sầm Sơn",
      "Nam Xuân",
      "Nga An",
      "Nga Sơn",
      "Nga Thắng",
      "Nghi Sơn",
      "Nguyệt Viên",
      "Nguyệt Ấn",
      "Ngọc Liên",
      "Ngọc Lặc",
      "Ngọc Sơn",
      "Ngọc Trạo",
      "Nhi Sơn",
      "Như Thanh",
      "Như Xuân",
      "Nông Cống",
      "Phú Lệ",
      "Phú Xuân",
      "Pù Luông",
      "Pù Nhi",
      "Quan Sơn",
      "Quang Chiểu",
      "Quang Trung",
      "Quý Lương",
      "Quý Lộc",
      "Quảng Bình",
      "Quảng Chính",
      "Quảng Ngọc",
      "Quảng Ninh",
      "Quảng Phú",
      "Quảng Yên",
      "Sao Vàng",
      "Sơn Thủy",
      "Sơn Điện",
      "Sầm Sơn",
      "Tam Chung",
      "Tam Lư",
      "Tam Thanh",
      "Thanh Kỳ",
      "Thanh Phong",
      "Thanh Quân",
      "Thiên Phủ",
      "Thiết Ống",
      "Thiệu Hóa",
      "Thiệu Quang",
      "Thiệu Tiến",
      "Thiệu Toán",
      "Thiệu Trung",
      "Thành Vinh",
      "Thăng Bình",
      "Thường Xuân",
      "Thượng Ninh",
      "Thạch Bình",
      "Thạch Lập",
      "Thạch Quảng",
      "Thắng Lộc",
      "Thắng Lợi",
      "Thọ Bình",
      "Thọ Long",
      "Thọ Lập",
      "Thọ Ngọc",
      "Thọ Phú",
      "Thọ Xuân",
      "Tiên Trang",
      "Triệu Lộc",
      "Triệu Sơn",
      "Trung Chính",
      "Trung Hạ",
      "Trung Lý",
      "Trung Sơn",
      "Trung Thành",
      "Trúc Lâm",
      "Trường Lâm",
      "Trường Văn",
      "Tân Dân",
      "Tân Ninh",
      "Tân Thành",
      "Tân Tiến",
      "Tây Đô",
      "Tĩnh Gia",
      "Tượng Lĩnh",
      "Tống Sơn",
      "Vân Du",
      "Văn Nho",
      "Văn Phú",
      "Vĩnh Lộc",
      "Vạn Lộc",
      "Vạn Xuân",
      "Xuân Bình",
      "Xuân Chinh",
      "Xuân Du",
      "Xuân Hòa",
      "Xuân Lập",
      "Xuân Thái",
      "Xuân Tín",
      "Yên Khương",
      "Yên Nhân",
      "Yên Ninh",
      "Yên Phú",
      "Yên Thắng",
      "Yên Thọ",
      "Yên Trường",
      "Yên Định",
      "Điền Lư",
      "Điền Quang",
      "Đào Duy Từ",
      "Đông Quang",
      "Đông Sơn",
      "Đông Thành",
      "Đông Tiến",
      "Định Hòa",
      "Định Tân",
      "Đồng Lương",
      "Đồng Tiến"
    ]
  },
  "Thái Nguyên": {
    "phuong_xa": [
      "An Khánh",
      "Ba Bể",
      "Bá Xuyên",
      "Bách Quang",
      "Bình Thành",
      "Bình Yên",
      "Bạch Thông",
      "Bắc Kạn",
      "Bằng Thành",
      "Bằng Vân",
      "Cao Minh",
      "Chợ Mới",
      "Chợ Rã",
      "Chợ Đồn",
      "Côn Minh",
      "Cường Lợi",
      "Cẩm Giàng",
      "Dân Tiến",
      "Gia Sàng",
      "Hiệp Lực",
      "Hợp Thành",
      "Kha Sơn",
      "Kim Phượng",
      "La Bằng",
      "La Hiên",
      "Lam Vỹ",
      "Linh Sơn",
      "Na Rì",
      "Nam Cường",
      "Nam Hòa",
      "Nghinh Tường",
      "Nghiên Loan",
      "Nghĩa Tá",
      "Ngân Sơn",
      "Nà Phặc",
      "Phan Đình Phùng",
      "Phong Quang",
      "Phú Bình",
      "Phú Lương",
      "Phú Lạc",
      "Phú Thịnh",
      "Phú Xuyên",
      "Phú Đình",
      "Phúc Lộc",
      "Phúc Thuận",
      "Phượng Tiến",
      "Phổ Yên",
      "Phủ Thông",
      "Quan Triều",
      "Quang Sơn",
      "Quyết Thắng",
      "Quân Chu",
      "Quảng Bạch",
      "Sông Công",
      "Sảng Mộc",
      "Thanh Mai",
      "Thanh Thịnh",
      "Thành Công",
      "Thượng Minh",
      "Thượng Quan",
      "Thần Sa",
      "Trung Hội",
      "Trung Thành",
      "Tràng Xá",
      "Trại Cau",
      "Trần Phú",
      "Tân Cương",
      "Tân Khánh",
      "Tân Kỳ",
      "Tân Thành",
      "Tích Lương",
      "Vô Tranh",
      "Võ Nhai",
      "Văn Hán",
      "Văn Lang",
      "Văn Lăng",
      "Vĩnh Thông",
      "Vạn Phú",
      "Vạn Xuân",
      "Xuân Dương",
      "Yên Bình",
      "Yên Phong",
      "Yên Thịnh",
      "Yên Trạch",
      "Điềm Thụy",
      "Đại Phúc",
      "Đại Từ",
      "Định Hóa",
      "Đồng Hỷ",
      "Đồng Phúc",
      "Đức Lương",
      "Đức Xuân"
    ]
  },
  "Tuyên Quang": {
    "phuong_xa": [
      "An Tường",
      "Bình An",
      "Bình Ca",
      "Bình Thuận",
      "Bình Xa",
      "Bạch Ngọc",
      "Bạch Xa",
      "Bạch Đích",
      "Bản Máy",
      "Bắc Mê",
      "Bắc Quang",
      "Bằng Hành",
      "Bằng Lang",
      "Cao Bồ",
      "Chiêm Hóa",
      "Cán Tỷ",
      "Côn Lôn",
      "Du Già",
      "Giáp Trung",
      "Hoàng Su Phì",
      "Hà Giang 1",
      "Hà Giang 2",
      "Hàm Yên",
      "Hòa An",
      "Hùng An",
      "Hùng Lợi",
      "Hùng Đức",
      "Hồ Thầu",
      "Hồng Sơn",
      "Hồng Thái",
      "Khuôn Lùng",
      "Khâu Vai",
      "Kim Bình",
      "Kiên Đài",
      "Kiến Thiết",
      "Lao Chải",
      "Linh Hồ",
      "Liên Hiệp",
      "Lâm Bình",
      "Lùng Tám",
      "Lũng Cú",
      "Lũng Phìn",
      "Lực Hành",
      "Minh Ngọc",
      "Minh Quang",
      "Minh Sơn",
      "Minh Thanh",
      "Minh Tân",
      "Minh Xuân",
      "Mèo Vạc",
      "Mậu Duệ",
      "Mỹ Lâm",
      "Nghĩa Thuận",
      "Ngọc Long",
      "Ngọc Đường",
      "Nhữ Khê",
      "Niêm Sơn",
      "Nà Hang",
      "Nông Tiến",
      "Nấm Dẩn",
      "Nậm Dịch",
      "Phù Lưu",
      "Phú Linh",
      "Phú Lương",
      "Phố Bảng",
      "Pà Vầy Sủ",
      "Pờ Ly Ngài",
      "Quang Bình",
      "Quản Bạ",
      "Quảng Nguyên",
      "Sà Phìn",
      "Sơn Dương",
      "Sơn Thủy",
      "Sơn Vĩ",
      "Sủng Máng",
      "Thanh Thủy",
      "Thuận Hòa",
      "Thàng Tín",
      "Thái Bình",
      "Thái Hòa",
      "Thái Sơn",
      "Thông Nguyên",
      "Thượng Lâm",
      "Thượng Nông",
      "Thượng Sơn",
      "Thắng Mố",
      "Tiên Nguyên",
      "Tiên Yên",
      "Tri Phú",
      "Trung Hà",
      "Trung Sơn",
      "Trung Thịnh",
      "Trường Sinh",
      "Tát Ngà",
      "Tân An",
      "Tân Long",
      "Tân Mỹ",
      "Tân Quang",
      "Tân Thanh",
      "Tân Tiến",
      "Tân Trào",
      "Tân Trịnh",
      "Tùng Bá",
      "Tùng Vài",
      "Việt Lâm",
      "Vĩnh Tuy",
      "Vị Xuyên",
      "Xuân Giang",
      "Xuân Vân",
      "Xín Mần",
      "Yên Cường",
      "Yên Hoa",
      "Yên Lập",
      "Yên Minh",
      "Yên Nguyên",
      "Yên Phú",
      "Yên Sơn",
      "Yên Thành",
      "Đông Thọ",
      "Đường Hồng",
      "Đường Thượng",
      "Đồng Tâm",
      "Đồng Văn",
      "Đồng Yên"
    ]
  },
  "Tây Ninh": {
    "phuong_xa": [
      "An Lục Long",
      "An Ninh",
      "An Tịnh",
      "Bình Hiệp",
      "Bình Hòa",
      "Bình Minh",
      "Bình Thành",
      "Bình Đức",
      "Bến Cầu",
      "Bến Lức",
      "Châu Thành",
      "Cần Giuộc",
      "Cần Đước",
      "Cầu Khởi",
      "Dương Minh Châu",
      "Gia Lộc",
      "Gò Dầu",
      "Hiệp Hòa",
      "Hòa Hội",
      "Hòa Khánh",
      "Hòa Thành",
      "Hưng Thuận",
      "Hưng Điền",
      "Hảo Đước",
      "Hậu Nghĩa",
      "Hậu Thạnh",
      "Khánh Hưng",
      "Khánh Hậu",
      "Kiến Tường",
      "Long An",
      "Long Cang",
      "Long Chữ",
      "Long Hoa",
      "Long Hựu",
      "Long Thuận",
      "Lương Hòa",
      "Lộc Ninh",
      "Mộc Hóa",
      "Mỹ An",
      "Mỹ Hạnh",
      "Mỹ Lệ",
      "Mỹ Lộc",
      "Mỹ Quý",
      "Mỹ Thạnh",
      "Mỹ Yên",
      "Nhơn Hòa Lập",
      "Nhơn Ninh",
      "Nhựt Tảo",
      "Ninh Thạnh",
      "Ninh Điền",
      "Phước Chỉ",
      "Phước Lý",
      "Phước Thạnh",
      "Phước Vinh",
      "Phước Vĩnh Tây",
      "Rạch Kiến",
      "Thanh Điền",
      "Thuận Mỹ",
      "Thạnh Bình",
      "Thạnh Hóa",
      "Thạnh Lợi",
      "Thạnh Phước",
      "Thạnh Đức",
      "Thủ Thừa",
      "Truông Mít",
      "Trà Vong",
      "Trảng Bàng",
      "Tuyên Bình",
      "Tuyên Thạnh",
      "Tân An",
      "Tân Biên",
      "Tân Châu",
      "Tân Hòa",
      "Tân Hưng",
      "Tân Hội",
      "Tân Long",
      "Tân Lân",
      "Tân Lập",
      "Tân Ninh",
      "Tân Phú",
      "Tân Thành",
      "Tân Thạnh",
      "Tân Trụ",
      "Tân Tây",
      "Tân Tập",
      "Tân Đông",
      "Tầm Vu",
      "Vàm Cỏ",
      "Vĩnh Châu",
      "Vĩnh Công",
      "Vĩnh Hưng",
      "Vĩnh Thạnh",
      "Đông Thành",
      "Đức Huệ",
      "Đức Hòa",
      "Đức Lập"
    ]
  },
  "Vĩnh Long": {
    "phuong_xa": [
      "An Bình",
      "An Hiệp",
      "An Hội",
      "An Ngãi Trung",
      "An Phú Tân",
      "An Qui",
      "An Trường",
      "An Định",
      "Ba Tri",
      "Bình Minh",
      "Bình Phú",
      "Bình Phước",
      "Bình Đại",
      "Bảo Thạnh",
      "Bến Tre",
      "Càng Long",
      "Cái Nhum",
      "Cái Vồn",
      "Châu Hòa",
      "Châu Hưng",
      "Châu Thành",
      "Chợ Lách",
      "Cái Ngang",
      "Cầu Kè",
      "Cầu Ngang",
      "Duyên Hải",
      "Giao Long",
      "Giồng Trôm",
      "Hàm Giang",
      "Hiệp Mỹ",
      "Hiếu Phụng",
      "Hiếu Thành",
      "Hoà Thuận",
      "Hùng Hoà",
      "Hòa Bình",
      "Hòa Hiệp",
      "Hòa Minh",
      "Hưng Khánh Trung",
      "Hưng Mỹ",
      "Hưng Nhượng",
      "Hương Mỹ",
      "Long Châu",
      "Long Hiệp",
      "Long Hòa",
      "Long Hồ",
      "Long Hữu",
      "Long Thành",
      "Long Vĩnh",
      "Long Đức",
      "Lưu Nghiệp Anh",
      "Lương Hòa",
      "Lương Phú",
      "Lộc Thuận",
      "Lục Sĩ Thành",
      "Mỹ Long",
      "Mỏ Cày",
      "Mỹ Chánh Hòa",
      "Mỹ Thuận",
      "Nguyệt Hoá",
      "Ngũ Lạc",
      "Ngãi Tứ",
      "Nhị Long",
      "Nhị Trường",
      "Nhuận Phú Tân",
      "Nhơn Phú",
      "Phong Thạnh",
      "Phú Quới",
      "Phú Khương",
      "Phú Phụng",
      "Phú Thuận",
      "Phú Tân",
      "Phú Túc",
      "Phước Hậu",
      "Phước Long",
      "Phước Mỹ Trung",
      "Quới An",
      "Quới Thiện",
      "Quới Điền",
      "Song Lộc",
      "Song Phú",
      "Sơn Đông",
      "Tam Bình",
      "Tam Ngãi",
      "Thanh Đức",
      "Thành Thới",
      "Thạnh Hải",
      "Thạnh Phong",
      "Thạnh Phú",
      "Thạnh Phước",
      "Thạnh Trị",
      "Thới Thuận",
      "Tiên Thủy",
      "Tiểu Cần",
      "Trà Cú",
      "Trà Vinh",
      "Trung Hiệp",
      "Trung Ngãi",
      "Trung Thành",
      "Trà Côn",
      "Trà Ôn",
      "Trường Long Hoà",
      "Tân An",
      "Tân Hạnh",
      "Tân Hoà",
      "Tân Hào",
      "Tân Long Hội",
      "Tân Lược",
      "Tân Ngãi",
      "Tân Phú",
      "Tân Quới",
      "Tân Thành Bình",
      "Tân Thủy",
      "Tân Xuân",
      "Tập Ngãi",
      "Tập Sơn",
      "Vinh Kim",
      "Vĩnh Xuân",
      "Vĩnh Thành",
      "Đại An",
      "Đôn Châu",
      "Đông Hải",
      "Đông Thành",
      "Đại Điền",
      "Đồng Khởi"
    ]
  },
  "Điện Biên": {
    "phuong_xa": [
      "Búng Lao",
      "Chiềng Sinh",
      "Chà Tở",
      "Mường Chà",
      "Mường Lay",
      "Mường Luân",
      "Mường Lạn",
      "Mường Mùn",
      "Mường Nhà",
      "Mường Nhé",
      "Mường Phăng",
      "Mường Pồn",
      "Mường Thanh",
      "Mường Toong",
      "Mường Tùng",
      "Mường Ảng",
      "Na Sang",
      "Na Son",
      "Nà Bủng",
      "Nà Hỳ",
      "Nà Tấu",
      "Núa Ngam",
      "Nậm Kè",
      "Nậm Nèn",
      "Pa Ham",
      "Phình Giàng",
      "Pu Nhi",
      "Pú Nhung",
      "Quài Tở",
      "Quảng Lâm",
      "Sam Mứn",
      "Si Pa Phìn",
      "Sáng Nhè",
      "Sín Chải",
      "Sín Thầu",
      "Sính Phình",
      "Thanh An",
      "Thanh Nưa",
      "Thanh Yên",
      "Tuần Giáo",
      "Tìa Dình",
      "Tủa Chùa",
      "Tủa Thàng",
      "Xa Dung",
      "Điện Biên Phủ"
    ]
  },
  "Đắk Lắk": {
    "phuong_xa": [
      "Buôn Hồ",
      "Buôn Ma Thuột",
      "Buôn Đôn",
      "Bình Kiến",
      "Cuôr Đăng",
      "Cư Bao",
      "Cư M’gar",
      "Cư M’ta",
      "Cư Prao",
      "Cư Pui",
      "Cư Pơng",
      "Cư Yang",
      "Dang Kang",
      "Dliê Ya",
      "Dray Bhăng",
      "Dur Kmăl",
      "Ea Bung",
      "Ea Bá",
      "Ea Drông",
      "Ea Drăng",
      "Ea Hiao",
      "Ea H’Leo",
      "Ea Kao",
      "Ea Kar",
      "Ea Khăl",
      "Ea Kiết",
      "Ea Kly",
      "Ea Knuếc",
      "Ea Knốp",
      "Ea Ktur",
      "Ea Ly",
      "Ea M’Droh",
      "Ea Na",
      "Ea Ning",
      "Ea Nuôl",
      "Ea Phê",
      "Ea Păl",
      "Ea Riêng",
      "Ea Rốk",
      "Ea Súp",
      "Ea Trang",
      "Ea Tul",
      "Ea Wer",
      "Ea Wy",
      "Ea Ô",
      "Hòa Hiệp",
      "Hòa Mỹ",
      "Hòa Phú",
      "Hòa Sơn",
      "Hòa Thịnh",
      "Hòa Xuân",
      "Ia Lốp",
      "Ia Rvê",
      "Krông Ana",
      "Krông Bông",
      "Krông Búk",
      "Krông Nô",
      "Krông Năng",
      "Krông Pắc",
      "Krông Á",
      "Liên Sơn Lắk",
      "M’Drắk",
      "Nam Ka",
      "Phú Hòa 1",
      "Phú Hòa 2",
      "Phú Mỡ",
      "Phú Xuân",
      "Phú Yên",
      "Pơng Drang",
      "Quảng Phú",
      "Suối Trai",
      "Sông Cầu",
      "Sông Hinh",
      "Sơn Hòa",
      "Sơn Thành",
      "Tam Giang",
      "Thành Nhất",
      "Tuy An Bắc",
      "Tuy An Nam",
      "Tuy An Tây",
      "Tuy An Đông",
      "Tuy Hòa",
      "Tân An",
      "Tân Lập",
      "Tân Tiến",
      "Tây Hòa",
      "Tây Sơn",
      "Vân Hòa",
      "Vụ Bổn",
      "Xuân Cảnh",
      "Xuân Lãnh",
      "Xuân Lộc",
      "Xuân Phước",
      "Xuân Thọ",
      "Xuân Đài",
      "Yang Mao",
      "Ô Loan",
      "Đông Hòa",
      "Đắk Liêng",
      "Đắk Phơi",
      "Đồng Xuân",
      "Đức Bình"
    ]
  },
  "Đồng Nai": {
    "phuong_xa": [
      "An Lộc",
      "An Phước",
      "An Viễn",
      "Biên Hòa",
      "Bom Bo",
      "Bàu Hàm",
      "Bình An",
      "Bình Long",
      "Bình Lộc",
      "Bình Minh",
      "Bình Phước",
      "Bình Tân",
      "Bù Gia Mập",
      "Bù Đăng",
      "Bảo Vinh",
      "Chơn Thành",
      "Cẩm Mỹ",
      "Dầu Giây",
      "Gia Kiệm",
      "Hàng Gòn",
      "Hưng Phước",
      "Hưng Thịnh",
      "Hố Nai",
      "La Ngà",
      "Long Bình",
      "Long Hà",
      "Long Hưng",
      "Long Khánh",
      "Long Phước",
      "Long Thành",
      "Lộc Hưng",
      "Lộc Ninh",
      "Lộc Quang",
      "Lộc Thành",
      "Lộc Thạnh",
      "Lộc Tấn",
      "Minh Hưng",
      "Minh Đức",
      "Nam Cát Tiên",
      "Nghĩa Trung",
      "Nha Bích",
      "Nhơn Trạch",
      "Phú Hòa",
      "Phú Lâm",
      "Phú Lý",
      "Phú Nghĩa",
      "Phú Riềng",
      "Phú Trung",
      "Phú Vinh",
      "Phước An",
      "Phước Bình",
      "Phước Long",
      "Phước Sơn",
      "Phước Thái",
      "Phước Tân",
      "Sông Ray",
      "Tam Hiệp",
      "Tam Phước",
      "Thanh Sơn",
      "Thiện Hưng",
      "Thuận Lợi",
      "Thọ Sơn",
      "Thống Nhất",
      "Trảng Bom",
      "Trảng Dài",
      "Trấn Biên",
      "Trị An",
      "Tà Lài",
      "Tân An",
      "Tân Hưng",
      "Tân Khai",
      "Tân Lợi",
      "Tân Phú",
      "Tân Quan",
      "Tân Tiến",
      "Tân Triều",
      "Xuân Bắc",
      "Xuân Hòa",
      "Xuân Lập",
      "Xuân Lộc",
      "Xuân Phú",
      "Xuân Quế",
      "Xuân Thành",
      "Xuân Đông",
      "Xuân Đường",
      "Xuân Định",
      "Đa Kia",
      "Đak Lua",
      "Đak Nhau",
      "Đăk Ơ",
      "Đại Phước",
      "Định Quán",
      "Đồng Phú",
      "Đồng Tâm",
      "Đồng Xoài"
    ]
  },
  "Đồng Tháp": {
    "phuong_xa": [
      "An Bình",
      "An Hòa",
      "An Hữu",
      "An Long",
      "An Phước",
      "An Thạnh Thủy",
      "Ba Sao",
      "Bình Hàng Trung",
      "Bình Ninh",
      "Bình Phú",
      "Bình Thành",
      "Bình Trưng",
      "Bình Xuân",
      "Cai Lậy",
      "Cao Lãnh",
      "Châu Thành",
      "Chợ Gạo",
      "Cái Bè",
      "Gia Thuận",
      "Gò Công",
      "Gò Công Đông",
      "Hiệp Đức",
      "Hòa Long",
      "Hưng Thạnh",
      "Hậu Mỹ",
      "Hồng Ngự",
      "Hội Cư",
      "Kim Sơn",
      "Lai Vung",
      "Long Bình",
      "Long Hưng",
      "Long Khánh",
      "Long Phú Thuận",
      "Long Thuận",
      "Long Tiên",
      "Long Định",
      "Lương Hòa Lạc",
      "Lấp Vò",
      "Mỹ An Hưng",
      "Mỹ Hiệp",
      "Mỹ Lợi",
      "Mỹ Ngãi",
      "Mỹ Phong",
      "Mỹ Phước Tây",
      "Mỹ Quí",
      "Mỹ Thiện",
      "Mỹ Tho",
      "Mỹ Thành",
      "Mỹ Thọ",
      "Mỹ Trà",
      "Mỹ Tịnh An",
      "Mỹ Đức Tây",
      "Ngũ Hiệp",
      "Nhị Quý",
      "Phong Hòa",
      "Phong Mỹ",
      "Phú Cường",
      "Phú Hựu",
      "Phú Thành",
      "Phú Thọ",
      "Phương Thịnh",
      "Sa Đéc",
      "Sơn Qui",
      "Tam Nông",
      "Thanh Bình",
      "Thanh Hòa",
      "Thanh Hưng",
      "Thanh Mỹ",
      "Tháp Mười",
      "Thường Lạc",
      "Thường Phước",
      "Thạnh Phú",
      "Thới Sơn",
      "Trung An",
      "Tràm Chim",
      "Trường Xuân",
      "Tân Dương",
      "Tân Hòa",
      "Tân Hương",
      "Tân Hồng",
      "Tân Hộ Cơ",
      "Tân Khánh Trung",
      "Tân Long",
      "Tân Nhuận Đông",
      "Tân Phú",
      "Tân Phú Trung",
      "Tân Phú Đông",
      "Tân Phước 1",
      "Tân Phước 2",
      "Tân Phước 3",
      "Tân Thuận Bình",
      "Tân Thành",
      "Tân Thạnh",
      "Tân Thới",
      "Tân Điền",
      "Tân Đông",
      "Vĩnh Bình",
      "Vĩnh Hựu",
      "Vĩnh Kim",
      "Đạo Thạnh",
      "Đốc Binh Kiều",
      "Đồng Sơn"
    ]
  }
}